model,trainable_params,trainable_ratio,train_time_s,best_val_f1,test_accuracy,test_f1_macro,peak_memory_mb
BERT-base (zero-shot),109484547,1.0,0.0,0.0,0.23121387283236994,0.12549019607843137,0.0
BERT-base (full FT),109484547,1.0,370.4627456665039,0.9237326578367041,0.9190751445086706,0.9001662810873338,3093.282816
FinBERT (baseline),109484547,1.0,0.0,0.0,0.9508670520231214,0.940099380951059,0.0
FinBERT (full FT),109484547,1.0,465.71171522140503,0.9612938626191291,0.9508670520231214,0.9399538452054457,4846.148096
FinBERT LoRA r=4,149763,0.0013660230998854281,129.93471813201904,0.959700176366843,0.9566473988439307,0.9445396846168945,5023.048704
FinBERT LoRA r=8,297219,0.0027073621679578374,179.4156355857849,0.9612938626191291,0.9595375722543352,0.9473658799077039,5466.508288
FinBERT LoRA r=16,592131,0.005379259355919153,179.95302820205688,0.9612938626191291,0.9566473988439307,0.9445396846168945,5914.817536
